name ,address,lat ,long
American Museum of Western Art The Anschutz Collection,1727 Tremont Pl   Denver CO 80202,,
Aurora History Museum,15051 E Alameda Pkwy  Aurora  CO 80012 ,,
Black American West Museum,3091 California St  Denver  CO 80205 ,,
Byers Evans House,1310 Bannock St  Denver  CO 80204 ,,
Children's Museum of Denver,2121 Children's Museum Dr  Denver  CO 80211,,
Clyfford Still Museum,1250 Bannock St  Denver  CO 80204 ,,
Colorado History Museum,1200 Broadway  Denver  CO 80203 ,,
Colorado Sports Hall of Fame,1701 Mile High Stadium Cir 500  Denver 80204,,
Denver Art Museum,100 W 14th Ave Pkwy  Denver  CO 80204 ,,
Denver Botanic Gardens,1007 York St  Denver  CO 80206 ,,
Denver Firefighters Museum,1326 Tremont Pl  Denver  CO 80204 ,,
"Denver Museum of Miniatures, Dolls and Toys",1880 N Gaylord St  Denver  CO 80206 ,,
Denver Museum of Nature and Science,2001 Colorado Blvd  Denver  CO 80205 ,,
Dikeou Collection,1615 California St 515  Denver  CO 80202,,
Forney Transportation Museum,4303 Brighton Blvd  Denver  CO 80216 ,,
Four Mile Historic Park,715 S Forest St  Denver  CO 80246 ,,
History Colorado Center,1200 N Broadway  Denver  CO 80203 ,,
Kirkland Museum of Fine & Decorative Art,1201 Bannock Street  Denver  CO 80204,,
Lakewood Heritage Center,801 S Yarrow St  Lakewood  CO 80226 ,,
Littleton Museum,6028 S Gallup St  Littleton  CO 80120 ,,
Molly Brown House,1340 Pennsylvania St  Denver  CO 80203 ,,
Morrison Natural History Museum,501 CO-8  Morrison  CO 80465 ,,
Museo de las Americas,861 Santa Fe Dr  Denver  CO 80204 ,,
Museum of Contemporary Art Denver,1485 Delgany St  Denver  CO 80202 ,,
Museum of Outdoor Arts,1000 Englewood Pkwy 230  Englewood  CO 80110,,
National Ballpark Museum,1940 Blake St  Denver  CO 80202 ,,
Plains Conservation Center,21901 E Hampden Ave  Aurora  CO 80013 ,,
Stiles African American Heritage Center,2607 Glenarm Pl  Denver  CO 80205 ,,
