GEO.id,GEO.id2,GEO.display-label,HD01_VD01,HD02_VD01,HD01_VD02,HD02_VD02,HD01_VD03,HD02_VD03
Id,Id2,Geography,Estimate; Total:,Margin of Error; Total:,Estimate; Total: - Not Hispanic or Latino,Margin of Error; Total: - Not Hispanic or Latino,Estimate; Total: - Hispanic or Latino,Margin of Error; Total: - Hispanic or Latino
1500000US080310001021,080310001021,"Block Group 1, Census Tract 1.02, Denver County, Colorado",938,200,663,168,275,160
1500000US080310001022,080310001022,"Block Group 2, Census Tract 1.02, Denver County, Colorado",1670,240,1161,219,509,204
1500000US080310001023,080310001023,"Block Group 3, Census Tract 1.02, Denver County, Colorado",848,183,798,182,50,34
1500000US080310002011,080310002011,"Block Group 1, Census Tract 2.01, Denver County, Colorado",1820,327,858,163,962,305
1500000US080310002012,080310002012,"Block Group 2, Census Tract 2.01, Denver County, Colorado",2061,369,738,133,1323,385
1500000US080310002021,080310002021,"Block Group 1, Census Tract 2.02, Denver County, Colorado",661,296,335,183,326,208
1500000US080310002022,080310002022,"Block Group 2, Census Tract 2.02, Denver County, Colorado",1455,275,608,212,847,188
1500000US080310002023,080310002023,"Block Group 3, Census Tract 2.02, Denver County, Colorado",827,203,610,160,217,124
1500000US080310002024,080310002024,"Block Group 4, Census Tract 2.02, Denver County, Colorado",1051,264,543,177,508,275
1500000US080310003011,080310003011,"Block Group 1, Census Tract 3.01, Denver County, Colorado",796,208,669,197,127,104
1500000US080310003012,080310003012,"Block Group 2, Census Tract 3.01, Denver County, Colorado",812,198,679,191,133,105
1500000US080310003013,080310003013,"Block Group 3, Census Tract 3.01, Denver County, Colorado",1213,369,764,220,449,327
1500000US080310003014,080310003014,"Block Group 4, Census Tract 3.01, Denver County, Colorado",1317,405,829,226,488,368
1500000US080310003015,080310003015,"Block Group 5, Census Tract 3.01, Denver County, Colorado",780,208,562,157,218,180
1500000US080310003016,080310003016,"Block Group 6, Census Tract 3.01, Denver County, Colorado",824,246,640,161,184,177
1500000US080310003021,080310003021,"Block Group 1, Census Tract 3.02, Denver County, Colorado",771,404,700,393,71,94
1500000US080310003022,080310003022,"Block Group 2, Census Tract 3.02, Denver County, Colorado",936,381,875,386,61,68
1500000US080310003023,080310003023,"Block Group 3, Census Tract 3.02, Denver County, Colorado",784,258,612,227,172,152
1500000US080310003024,080310003024,"Block Group 4, Census Tract 3.02, Denver County, Colorado",779,259,724,249,55,77
1500000US080310003025,080310003025,"Block Group 5, Census Tract 3.02, Denver County, Colorado",1303,397,1184,380,119,173
1500000US080310003031,080310003031,"Block Group 1, Census Tract 3.03, Denver County, Colorado",586,216,421,131,165,170
1500000US080310003032,080310003032,"Block Group 2, Census Tract 3.03, Denver County, Colorado",769,243,613,148,156,179
1500000US080310003033,080310003033,"Block Group 3, Census Tract 3.03, Denver County, Colorado",1093,205,1000,180,93,70
1500000US080310003034,080310003034,"Block Group 4, Census Tract 3.03, Denver County, Colorado",492,129,342,109,150,110
1500000US080310003035,080310003035,"Block Group 5, Census Tract 3.03, Denver County, Colorado",841,182,804,178,37,43
1500000US080310003036,080310003036,"Block Group 6, Census Tract 3.03, Denver County, Colorado",645,156,639,156,6,14
1500000US080310004011,080310004011,"Block Group 1, Census Tract 4.01, Denver County, Colorado",755,241,475,146,280,195
1500000US080310004012,080310004012,"Block Group 2, Census Tract 4.01, Denver County, Colorado",1009,367,387,114,622,376
1500000US080310004013,080310004013,"Block Group 3, Census Tract 4.01, Denver County, Colorado",758,186,551,171,207,115
1500000US080310004014,080310004014,"Block Group 4, Census Tract 4.01, Denver County, Colorado",906,221,619,158,287,222
1500000US080310004021,080310004021,"Block Group 1, Census Tract 4.02, Denver County, Colorado",544,152,446,159,98,101
1500000US080310004022,080310004022,"Block Group 2, Census Tract 4.02, Denver County, Colorado",1280,279,1034,185,246,217
1500000US080310004023,080310004023,"Block Group 3, Census Tract 4.02, Denver County, Colorado",1275,209,1101,237,174,113
1500000US080310004024,080310004024,"Block Group 4, Census Tract 4.02, Denver County, Colorado",751,257,609,256,142,86
1500000US080310004025,080310004025,"Block Group 5, Census Tract 4.02, Denver County, Colorado",843,246,812,246,31,36
1500000US080310004026,080310004026,"Block Group 6, Census Tract 4.02, Denver County, Colorado",481,149,432,129,49,78
1500000US080310005011,080310005011,"Block Group 1, Census Tract 5.01, Denver County, Colorado",1103,125,958,116,145,66
1500000US080310005012,080310005012,"Block Group 2, Census Tract 5.01, Denver County, Colorado",915,152,783,150,132,66
1500000US080310005021,080310005021,"Block Group 1, Census Tract 5.02, Denver County, Colorado",1152,342,732,242,420,292
1500000US080310005022,080310005022,"Block Group 2, Census Tract 5.02, Denver County, Colorado",1241,326,1111,314,130,126
1500000US080310005023,080310005023,"Block Group 3, Census Tract 5.02, Denver County, Colorado",1069,367,589,259,480,342
1500000US080310005024,080310005024,"Block Group 4, Census Tract 5.02, Denver County, Colorado",1391,288,875,351,516,314
1500000US080310005025,080310005025,"Block Group 5, Census Tract 5.02, Denver County, Colorado",1063,329,711,238,352,271
1500000US080310006001,080310006001,"Block Group 1, Census Tract 6, Denver County, Colorado",1388,234,993,163,395,195
1500000US080310006002,080310006002,"Block Group 2, Census Tract 6, Denver County, Colorado",1860,334,795,122,1065,350
1500000US080310007011,080310007011,"Block Group 1, Census Tract 7.01, Denver County, Colorado",1678,279,910,180,768,254
1500000US080310007012,080310007012,"Block Group 2, Census Tract 7.01, Denver County, Colorado",1128,352,641,231,487,306
1500000US080310007013,080310007013,"Block Group 3, Census Tract 7.01, Denver County, Colorado",1545,337,672,227,873,344
1500000US080310007021,080310007021,"Block Group 1, Census Tract 7.02, Denver County, Colorado",901,285,455,241,446,238
1500000US080310007022,080310007022,"Block Group 2, Census Tract 7.02, Denver County, Colorado",1572,417,679,192,893,424
1500000US080310007023,080310007023,"Block Group 3, Census Tract 7.02, Denver County, Colorado",1478,462,882,454,596,332
1500000US080310007024,080310007024,"Block Group 4, Census Tract 7.02, Denver County, Colorado",584,206,419,193,165,78
1500000US080310007025,080310007025,"Block Group 5, Census Tract 7.02, Denver County, Colorado",593,237,404,181,189,167
1500000US080310008001,080310008001,"Block Group 1, Census Tract 8, Denver County, Colorado",1441,266,755,238,686,269
1500000US080310009021,080310009021,"Block Group 1, Census Tract 9.02, Denver County, Colorado",540,319,151,85,389,330
1500000US080310009022,080310009022,"Block Group 2, Census Tract 9.02, Denver County, Colorado",1117,491,310,152,807,481
1500000US080310009023,080310009023,"Block Group 3, Census Tract 9.02, Denver County, Colorado",1187,362,456,151,731,392
1500000US080310009024,080310009024,"Block Group 4, Census Tract 9.02, Denver County, Colorado",1830,516,345,132,1485,544
1500000US080310009025,080310009025,"Block Group 5, Census Tract 9.02, Denver County, Colorado",1574,453,381,149,1193,426
1500000US080310009031,080310009031,"Block Group 1, Census Tract 9.03, Denver County, Colorado",1498,418,524,270,974,416
1500000US080310009032,080310009032,"Block Group 2, Census Tract 9.03, Denver County, Colorado",1332,398,167,77,1165,396
1500000US080310009033,080310009033,"Block Group 3, Census Tract 9.03, Denver County, Colorado",1106,429,372,241,734,374
1500000US080310009034,080310009034,"Block Group 4, Census Tract 9.03, Denver County, Colorado",1761,436,335,160,1426,434
1500000US080310009035,080310009035,"Block Group 5, Census Tract 9.03, Denver County, Colorado",756,213,211,95,545,201
1500000US080310009041,080310009041,"Block Group 1, Census Tract 9.04, Denver County, Colorado",1072,340,299,133,773,334
1500000US080310009042,080310009042,"Block Group 2, Census Tract 9.04, Denver County, Colorado",1650,300,589,181,1061,310
1500000US080310009043,080310009043,"Block Group 3, Census Tract 9.04, Denver County, Colorado",770,319,232,149,538,329
1500000US080310009044,080310009044,"Block Group 4, Census Tract 9.04, Denver County, Colorado",1687,410,408,192,1279,387
1500000US080310009051,080310009051,"Block Group 1, Census Tract 9.05, Denver County, Colorado",1003,306,464,190,539,246
1500000US080310009052,080310009052,"Block Group 2, Census Tract 9.05, Denver County, Colorado",1008,314,230,93,778,315
1500000US080310009053,080310009053,"Block Group 3, Census Tract 9.05, Denver County, Colorado",826,291,146,82,680,292
1500000US080310009054,080310009054,"Block Group 4, Census Tract 9.05, Denver County, Colorado",1384,422,458,204,926,396
1500000US080310010001,080310010001,"Block Group 1, Census Tract 10, Denver County, Colorado",1390,614,440,226,950,602
1500000US080310010002,080310010002,"Block Group 2, Census Tract 10, Denver County, Colorado",944,386,160,133,784,341
1500000US080310010003,080310010003,"Block Group 3, Census Tract 10, Denver County, Colorado",1904,525,360,207,1544,520
1500000US080310011011,080310011011,"Block Group 1, Census Tract 11.01, Denver County, Colorado",291,93,130,62,161,90
1500000US080310011012,080310011012,"Block Group 2, Census Tract 11.01, Denver County, Colorado",619,245,165,91,454,242
1500000US080310011013,080310011013,"Block Group 3, Census Tract 11.01, Denver County, Colorado",758,205,363,100,395,201
1500000US080310011014,080310011014,"Block Group 4, Census Tract 11.01, Denver County, Colorado",958,291,327,119,631,239
1500000US080310011021,080310011021,"Block Group 1, Census Tract 11.02, Denver County, Colorado",1075,334,535,143,540,304
1500000US080310011022,080310011022,"Block Group 2, Census Tract 11.02, Denver County, Colorado",745,333,398,127,347,314
1500000US080310011023,080310011023,"Block Group 3, Census Tract 11.02, Denver County, Colorado",2007,318,1695,282,312,186
1500000US080310013011,080310013011,"Block Group 1, Census Tract 13.01, Denver County, Colorado",1100,415,297,143,803,401
1500000US080310013012,080310013012,"Block Group 2, Census Tract 13.01, Denver County, Colorado",1274,402,350,154,924,388
1500000US080310013013,080310013013,"Block Group 3, Census Tract 13.01, Denver County, Colorado",1345,422,306,120,1039,425
1500000US080310013014,080310013014,"Block Group 4, Census Tract 13.01, Denver County, Colorado",947,442,302,106,645,446
1500000US080310013015,080310013015,"Block Group 5, Census Tract 13.01, Denver County, Colorado",785,321,310,142,475,275
1500000US080310013021,080310013021,"Block Group 1, Census Tract 13.02, Denver County, Colorado",1736,443,528,174,1208,420
1500000US080310013022,080310013022,"Block Group 2, Census Tract 13.02, Denver County, Colorado",1174,551,167,71,1007,553
1500000US080310013023,080310013023,"Block Group 3, Census Tract 13.02, Denver County, Colorado",1385,333,568,186,817,265
1500000US080310014011,080310014011,"Block Group 1, Census Tract 14.01, Denver County, Colorado",1172,382,241,102,931,389
1500000US080310014012,080310014012,"Block Group 2, Census Tract 14.01, Denver County, Colorado",580,223,187,104,393,207
1500000US080310014013,080310014013,"Block Group 3, Census Tract 14.01, Denver County, Colorado",1767,484,363,106,1404,479
1500000US080310014014,080310014014,"Block Group 4, Census Tract 14.01, Denver County, Colorado",1650,395,984,302,666,248
1500000US080310014015,080310014015,"Block Group 5, Census Tract 14.01, Denver County, Colorado",1292,407,357,197,935,418
1500000US080310014021,080310014021,"Block Group 1, Census Tract 14.02, Denver County, Colorado",1420,531,845,489,575,294
1500000US080310014022,080310014022,"Block Group 2, Census Tract 14.02, Denver County, Colorado",857,415,125,68,732,429
1500000US080310014023,080310014023,"Block Group 3, Census Tract 14.02, Denver County, Colorado",1129,423,151,89,978,417
1500000US080310014024,080310014024,"Block Group 4, Census Tract 14.02, Denver County, Colorado",1535,524,635,217,900,481
1500000US080310014031,080310014031,"Block Group 1, Census Tract 14.03, Denver County, Colorado",2012,270,1411,188,601,181
1500000US080310014032,080310014032,"Block Group 2, Census Tract 14.03, Denver County, Colorado",1446,237,1127,201,319,166
1500000US080310015001,080310015001,"Block Group 1, Census Tract 15, Denver County, Colorado",998,349,297,195,701,323
1500000US080310015002,080310015002,"Block Group 2, Census Tract 15, Denver County, Colorado",1318,423,497,152,821,396
1500000US080310015003,080310015003,"Block Group 3, Census Tract 15, Denver County, Colorado",1909,540,1018,443,891,327
1500000US080310016001,080310016001,"Block Group 1, Census Tract 16, Denver County, Colorado",2530,710,1612,454,918,436
1500000US080310016002,080310016002,"Block Group 2, Census Tract 16, Denver County, Colorado",6019,750,5527,714,492,203
1500000US080310016003,080310016003,"Block Group 3, Census Tract 16, Denver County, Colorado",2090,736,1713,656,377,410
1500000US080310017011,080310017011,"Block Group 1, Census Tract 17.01, Denver County, Colorado",2394,411,2245,421,149,105
1500000US080310017012,080310017012,"Block Group 2, Census Tract 17.01, Denver County, Colorado",986,240,847,234,139,105
1500000US080310017013,080310017013,"Block Group 3, Census Tract 17.01, Denver County, Colorado",398,130,329,121,69,68
1500000US080310017014,080310017014,"Block Group 4, Census Tract 17.01, Denver County, Colorado",1306,287,1161,249,145,119
1500000US080310017015,080310017015,"Block Group 5, Census Tract 17.01, Denver County, Colorado",794,201,776,197,18,28
1500000US080310017021,080310017021,"Block Group 1, Census Tract 17.02, Denver County, Colorado",1584,339,1371,291,213,155
1500000US080310017022,080310017022,"Block Group 2, Census Tract 17.02, Denver County, Colorado",2523,429,2305,428,218,134
1500000US080310018001,080310018001,"Block Group 1, Census Tract 18, Denver County, Colorado",1950,212,1492,199,458,136
1500000US080310018002,080310018002,"Block Group 2, Census Tract 18, Denver County, Colorado",1467,368,555,152,912,367
1500000US080310019011,080310019011,"Block Group 1, Census Tract 19.01, Denver County, Colorado",851,369,445,255,406,278
1500000US080310019012,080310019012,"Block Group 2, Census Tract 19.01, Denver County, Colorado",1936,403,943,269,993,312
1500000US080310019021,080310019021,"Block Group 1, Census Tract 19.02, Denver County, Colorado",798,200,629,185,169,98
1500000US080310020001,080310020001,"Block Group 1, Census Tract 20, Denver County, Colorado",1962,205,1816,197,146,78
1500000US080310021001,080310021001,"Block Group 1, Census Tract 21, Denver County, Colorado",1116,336,976,284,140,129
1500000US080310021002,080310021002,"Block Group 2, Census Tract 21, Denver County, Colorado",1166,340,1074,318,92,93
1500000US080310021003,080310021003,"Block Group 3, Census Tract 21, Denver County, Colorado",1227,283,948,270,279,168
1500000US080310021004,080310021004,"Block Group 4, Census Tract 21, Denver County, Colorado",478,299,450,299,28,42
1500000US080310021005,080310021005,"Block Group 5, Census Tract 21, Denver County, Colorado",2149,660,964,312,1185,615
1500000US080310023001,080310023001,"Block Group 1, Census Tract 23, Denver County, Colorado",2122,508,1270,435,852,474
1500000US080310023002,080310023002,"Block Group 2, Census Tract 23, Denver County, Colorado",1212,321,1126,296,86,94
1500000US080310023003,080310023003,"Block Group 3, Census Tract 23, Denver County, Colorado",2467,522,2023,361,444,432
1500000US080310024021,080310024021,"Block Group 1, Census Tract 24.02, Denver County, Colorado",1071,157,961,135,110,78
1500000US080310024022,080310024022,"Block Group 2, Census Tract 24.02, Denver County, Colorado",917,170,786,172,131,78
1500000US080310024031,080310024031,"Block Group 1, Census Tract 24.03, Denver County, Colorado",1203,325,1026,305,177,146
1500000US080310024032,080310024032,"Block Group 2, Census Tract 24.03, Denver County, Colorado",960,224,850,227,110,74
1500000US080310024033,080310024033,"Block Group 3, Census Tract 24.03, Denver County, Colorado",1522,314,970,204,552,287
1500000US080310026011,080310026011,"Block Group 1, Census Tract 26.01, Denver County, Colorado",1608,302,1417,286,191,120
1500000US080310026012,080310026012,"Block Group 2, Census Tract 26.01, Denver County, Colorado",1708,282,1538,267,170,120
1500000US080310026021,080310026021,"Block Group 1, Census Tract 26.02, Denver County, Colorado",2724,208,2475,221,249,85
1500000US080310027011,080310027011,"Block Group 1, Census Tract 27.01, Denver County, Colorado",1083,182,946,199,137,109
1500000US080310027012,080310027012,"Block Group 2, Census Tract 27.01, Denver County, Colorado",1128,216,1012,208,116,64
1500000US080310027013,080310027013,"Block Group 3, Census Tract 27.01, Denver County, Colorado",1597,228,1322,223,275,135
1500000US080310027014,080310027014,"Block Group 4, Census Tract 27.01, Denver County, Colorado",913,211,837,205,76,66
1500000US080310027021,080310027021,"Block Group 1, Census Tract 27.02, Denver County, Colorado",1425,241,1368,241,57,83
1500000US080310027022,080310027022,"Block Group 2, Census Tract 27.02, Denver County, Colorado",1904,351,1601,364,303,131
1500000US080310027023,080310027023,"Block Group 3, Census Tract 27.02, Denver County, Colorado",995,292,943,291,52,54
1500000US080310027024,080310027024,"Block Group 4, Census Tract 27.02, Denver County, Colorado",819,153,746,150,73,59
1500000US080310027025,080310027025,"Block Group 5, Census Tract 27.02, Denver County, Colorado",770,159,702,147,68,55
1500000US080310027031,080310027031,"Block Group 1, Census Tract 27.03, Denver County, Colorado",1607,314,1349,324,258,283
1500000US080310027032,080310027032,"Block Group 2, Census Tract 27.03, Denver County, Colorado",1284,254,1184,257,100,82
1500000US080310027033,080310027033,"Block Group 3, Census Tract 27.03, Denver County, Colorado",1167,265,1089,263,78,56
1500000US080310027034,080310027034,"Block Group 4, Census Tract 27.03, Denver County, Colorado",1161,283,1095,286,66,50
1500000US080310028011,080310028011,"Block Group 1, Census Tract 28.01, Denver County, Colorado",966,207,860,200,106,97
1500000US080310028012,080310028012,"Block Group 2, Census Tract 28.01, Denver County, Colorado",779,183,729,168,50,59
1500000US080310028013,080310028013,"Block Group 3, Census Tract 28.01, Denver County, Colorado",1046,166,961,159,85,56
1500000US080310028021,080310028021,"Block Group 1, Census Tract 28.02, Denver County, Colorado",1566,323,1303,254,263,213
1500000US080310028022,080310028022,"Block Group 2, Census Tract 28.02, Denver County, Colorado",883,238,833,222,50,60
1500000US080310028023,080310028023,"Block Group 3, Census Tract 28.02, Denver County, Colorado",1139,425,648,163,491,423
1500000US080310028024,080310028024,"Block Group 4, Census Tract 28.02, Denver County, Colorado",759,201,674,201,85,87
1500000US080310028031,080310028031,"Block Group 1, Census Tract 28.03, Denver County, Colorado",880,222,762,178,118,91
1500000US080310028032,080310028032,"Block Group 2, Census Tract 28.03, Denver County, Colorado",1473,263,1355,261,118,86
1500000US080310028033,080310028033,"Block Group 3, Census Tract 28.03, Denver County, Colorado",1041,188,1017,184,24,36
1500000US080310028034,080310028034,"Block Group 4, Census Tract 28.03, Denver County, Colorado",1261,237,1229,233,32,35
1500000US080310029011,080310029011,"Block Group 1, Census Tract 29.01, Denver County, Colorado",854,204,802,199,52,46
1500000US080310029012,080310029012,"Block Group 2, Census Tract 29.01, Denver County, Colorado",1258,215,1110,185,148,160
1500000US080310029013,080310029013,"Block Group 3, Census Tract 29.01, Denver County, Colorado",1198,183,1170,181,28,47
1500000US080310029021,080310029021,"Block Group 1, Census Tract 29.02, Denver County, Colorado",1960,222,1754,202,206,115
1500000US080310029022,080310029022,"Block Group 2, Census Tract 29.02, Denver County, Colorado",1365,198,1283,194,82,60
1500000US080310029023,080310029023,"Block Group 3, Census Tract 29.02, Denver County, Colorado",1062,169,1021,160,41,42
1500000US080310030011,080310030011,"Block Group 1, Census Tract 30.01, Denver County, Colorado",891,221,872,222,19,30
1500000US080310030012,080310030012,"Block Group 2, Census Tract 30.01, Denver County, Colorado",1234,336,1234,336,0,12
1500000US080310030013,080310030013,"Block Group 3, Census Tract 30.01, Denver County, Colorado",902,269,775,233,127,119
1500000US080310030014,080310030014,"Block Group 4, Census Tract 30.01, Denver County, Colorado",1291,247,1237,251,54,73
1500000US080310030015,080310030015,"Block Group 5, Census Tract 30.01, Denver County, Colorado",1404,362,1173,311,231,156
1500000US080310030021,080310030021,"Block Group 1, Census Tract 30.02, Denver County, Colorado",559,134,536,133,23,28
1500000US080310030022,080310030022,"Block Group 2, Census Tract 30.02, Denver County, Colorado",839,156,757,152,82,59
1500000US080310030023,080310030023,"Block Group 3, Census Tract 30.02, Denver County, Colorado",1100,187,951,193,149,86
1500000US080310030031,080310030031,"Block Group 1, Census Tract 30.03, Denver County, Colorado",1743,275,1686,242,57,56
1500000US080310030032,080310030032,"Block Group 2, Census Tract 30.03, Denver County, Colorado",1643,215,1442,204,201,84
1500000US080310030041,080310030041,"Block Group 1, Census Tract 30.04, Denver County, Colorado",2599,507,2378,518,221,87
1500000US080310030042,080310030042,"Block Group 2, Census Tract 30.04, Denver County, Colorado",2078,418,1978,395,100,92
1500000US080310030043,080310030043,"Block Group 3, Census Tract 30.04, Denver County, Colorado",1513,340,1372,315,141,105
1500000US080310031011,080310031011,"Block Group 1, Census Tract 31.01, Denver County, Colorado",1692,118,1361,144,331,120
1500000US080310031021,080310031021,"Block Group 1, Census Tract 31.02, Denver County, Colorado",1558,199,1389,215,169,68
1500000US080310031022,080310031022,"Block Group 2, Census Tract 31.02, Denver County, Colorado",1870,212,1637,207,233,111
1500000US080310032011,080310032011,"Block Group 1, Census Tract 32.01, Denver County, Colorado",1372,269,1288,269,84,60
1500000US080310032012,080310032012,"Block Group 2, Census Tract 32.01, Denver County, Colorado",1452,317,1298,306,154,101
1500000US080310032013,080310032013,"Block Group 3, Census Tract 32.01, Denver County, Colorado",1200,295,1032,283,168,133
1500000US080310032014,080310032014,"Block Group 4, Census Tract 32.01, Denver County, Colorado",802,223,738,228,64,72
1500000US080310032015,080310032015,"Block Group 5, Census Tract 32.01, Denver County, Colorado",741,214,690,212,51,48
1500000US080310032021,080310032021,"Block Group 1, Census Tract 32.02, Denver County, Colorado",1025,194,920,174,105,71
1500000US080310032022,080310032022,"Block Group 2, Census Tract 32.02, Denver County, Colorado",908,149,859,148,49,53
1500000US080310032023,080310032023,"Block Group 3, Census Tract 32.02, Denver County, Colorado",1395,213,1323,208,72,62
1500000US080310032031,080310032031,"Block Group 1, Census Tract 32.03, Denver County, Colorado",776,173,766,179,10,16
1500000US080310032032,080310032032,"Block Group 2, Census Tract 32.03, Denver County, Colorado",1263,226,1232,228,31,28
1500000US080310032033,080310032033,"Block Group 3, Census Tract 32.03, Denver County, Colorado",1131,207,1049,185,82,66
1500000US080310033001,080310033001,"Block Group 1, Census Tract 33, Denver County, Colorado",1069,193,989,176,80,112
1500000US080310033002,080310033002,"Block Group 2, Census Tract 33, Denver County, Colorado",873,176,845,154,28,38
1500000US080310033003,080310033003,"Block Group 3, Census Tract 33, Denver County, Colorado",970,308,783,143,187,249
1500000US080310033004,080310033004,"Block Group 4, Census Tract 33, Denver County, Colorado",593,105,560,105,33,40
1500000US080310034011,080310034011,"Block Group 1, Census Tract 34.01, Denver County, Colorado",517,123,483,106,34,53
1500000US080310034012,080310034012,"Block Group 2, Census Tract 34.01, Denver County, Colorado",2167,225,2067,224,100,72
1500000US080310034021,080310034021,"Block Group 1, Census Tract 34.02, Denver County, Colorado",941,152,931,152,10,15
1500000US080310034022,080310034022,"Block Group 2, Census Tract 34.02, Denver County, Colorado",2750,355,2646,347,104,85
1500000US080310034023,080310034023,"Block Group 3, Census Tract 34.02, Denver County, Colorado",1025,189,866,165,159,165
1500000US080310035001,080310035001,"Block Group 1, Census Tract 35, Denver County, Colorado",774,291,328,181,446,212
1500000US080310035002,080310035002,"Block Group 2, Census Tract 35, Denver County, Colorado",1601,405,163,64,1438,424
1500000US080310035003,080310035003,"Block Group 3, Census Tract 35, Denver County, Colorado",1770,449,256,150,1514,462
1500000US080310035004,080310035004,"Block Group 4, Census Tract 35, Denver County, Colorado",884,330,250,158,634,302
1500000US080310035005,080310035005,"Block Group 5, Census Tract 35, Denver County, Colorado",1658,383,301,209,1357,339
1500000US080310036011,080310036011,"Block Group 1, Census Tract 36.01, Denver County, Colorado",1221,294,571,159,650,276
1500000US080310036012,080310036012,"Block Group 2, Census Tract 36.01, Denver County, Colorado",637,163,492,137,145,141
1500000US080310036013,080310036013,"Block Group 3, Census Tract 36.01, Denver County, Colorado",1921,422,810,211,1111,427
1500000US080310036014,080310036014,"Block Group 4, Census Tract 36.01, Denver County, Colorado",444,236,176,100,268,221
1500000US080310036015,080310036015,"Block Group 5, Census Tract 36.01, Denver County, Colorado",552,310,263,113,289,284
1500000US080310036021,080310036021,"Block Group 1, Census Tract 36.02, Denver County, Colorado",1275,394,438,195,837,388
1500000US080310036022,080310036022,"Block Group 2, Census Tract 36.02, Denver County, Colorado",615,292,286,105,329,289
1500000US080310036023,080310036023,"Block Group 3, Census Tract 36.02, Denver County, Colorado",625,240,475,215,150,105
1500000US080310036024,080310036024,"Block Group 4, Census Tract 36.02, Denver County, Colorado",739,224,526,191,213,160
1500000US080310036025,080310036025,"Block Group 5, Census Tract 36.02, Denver County, Colorado",999,273,660,236,339,264
1500000US080310036031,080310036031,"Block Group 1, Census Tract 36.03, Denver County, Colorado",1071,233,1001,238,70,51
1500000US080310036032,080310036032,"Block Group 2, Census Tract 36.03, Denver County, Colorado",2174,353,2071,355,103,94
1500000US080310037011,080310037011,"Block Group 1, Census Tract 37.01, Denver County, Colorado",1692,321,1519,316,173,106
1500000US080310037012,080310037012,"Block Group 2, Census Tract 37.01, Denver County, Colorado",1683,260,1507,252,176,75
1500000US080310037021,080310037021,"Block Group 1, Census Tract 37.02, Denver County, Colorado",1828,441,1733,460,95,105
1500000US080310037022,080310037022,"Block Group 2, Census Tract 37.02, Denver County, Colorado",796,290,775,289,21,33
1500000US080310037023,080310037023,"Block Group 3, Census Tract 37.02, Denver County, Colorado",1019,218,922,205,97,82
1500000US080310037024,080310037024,"Block Group 4, Census Tract 37.02, Denver County, Colorado",1234,328,1078,325,156,139
1500000US080310037031,080310037031,"Block Group 1, Census Tract 37.03, Denver County, Colorado",1409,208,1064,194,345,153
1500000US080310037032,080310037032,"Block Group 2, Census Tract 37.03, Denver County, Colorado",1768,205,1632,188,136,71
1500000US080310038001,080310038001,"Block Group 1, Census Tract 38, Denver County, Colorado",1182,291,1138,308,44,52
1500000US080310038002,080310038002,"Block Group 2, Census Tract 38, Denver County, Colorado",572,196,517,182,55,56
1500000US080310038003,080310038003,"Block Group 3, Census Tract 38, Denver County, Colorado",2075,457,1947,457,128,81
1500000US080310038004,080310038004,"Block Group 4, Census Tract 38, Denver County, Colorado",1739,315,1591,318,148,88
1500000US080310038005,080310038005,"Block Group 5, Census Tract 38, Denver County, Colorado",1572,328,1467,311,105,114
1500000US080310039011,080310039011,"Block Group 1, Census Tract 39.01, Denver County, Colorado",2044,318,1903,319,141,160
1500000US080310039012,080310039012,"Block Group 2, Census Tract 39.01, Denver County, Colorado",816,227,691,216,125,157
1500000US080310039013,080310039013,"Block Group 3, Census Tract 39.01, Denver County, Colorado",1415,295,1415,295,0,12
1500000US080310039021,080310039021,"Block Group 1, Census Tract 39.02, Denver County, Colorado",1209,187,1100,180,109,107
1500000US080310039022,080310039022,"Block Group 2, Census Tract 39.02, Denver County, Colorado",2071,391,1767,258,304,286
1500000US080310039023,080310039023,"Block Group 3, Census Tract 39.02, Denver County, Colorado",1469,261,1433,254,36,44
1500000US080310040021,080310040021,"Block Group 1, Census Tract 40.02, Denver County, Colorado",901,162,802,158,99,78
1500000US080310040022,080310040022,"Block Group 2, Census Tract 40.02, Denver County, Colorado",836,207,631,123,205,193
1500000US080310040023,080310040023,"Block Group 3, Census Tract 40.02, Denver County, Colorado",747,134,713,129,34,37
1500000US080310040024,080310040024,"Block Group 4, Census Tract 40.02, Denver County, Colorado",1045,201,1012,199,33,29
1500000US080310040031,080310040031,"Block Group 1, Census Tract 40.03, Denver County, Colorado",1621,452,1228,243,393,385
1500000US080310040032,080310040032,"Block Group 2, Census Tract 40.03, Denver County, Colorado",994,184,911,173,83,58
1500000US080310040033,080310040033,"Block Group 3, Census Tract 40.03, Denver County, Colorado",943,197,883,192,60,73
1500000US080310040034,080310040034,"Block Group 4, Census Tract 40.03, Denver County, Colorado",777,197,680,161,97,93
1500000US080310040041,080310040041,"Block Group 1, Census Tract 40.04, Denver County, Colorado",1942,127,1862,117,80,52
1500000US080310040051,080310040051,"Block Group 1, Census Tract 40.05, Denver County, Colorado",1604,244,1408,209,196,97
1500000US080310040052,080310040052,"Block Group 2, Census Tract 40.05, Denver County, Colorado",1675,289,1423,247,252,152
1500000US080310040061,080310040061,"Block Group 1, Census Tract 40.06, Denver County, Colorado",1170,212,1105,182,65,72
1500000US080310040062,080310040062,"Block Group 2, Census Tract 40.06, Denver County, Colorado",1521,355,1361,348,160,110
1500000US080310040063,080310040063,"Block Group 3, Census Tract 40.06, Denver County, Colorado",1179,275,1123,264,56,55
1500000US080310040064,080310040064,"Block Group 4, Census Tract 40.06, Denver County, Colorado",950,311,950,311,0,12
1500000US080310041011,080310041011,"Block Group 1, Census Tract 41.01, Denver County, Colorado",2294,496,1515,290,779,430
1500000US080310041012,080310041012,"Block Group 2, Census Tract 41.01, Denver County, Colorado",1217,415,1121,411,96,72
1500000US080310041013,080310041013,"Block Group 3, Census Tract 41.01, Denver County, Colorado",1092,258,745,229,347,200
1500000US080310041021,080310041021,"Block Group 1, Census Tract 41.02, Denver County, Colorado",1541,423,956,310,585,303
1500000US080310041022,080310041022,"Block Group 2, Census Tract 41.02, Denver County, Colorado",1161,433,821,361,340,269
1500000US080310041023,080310041023,"Block Group 3, Census Tract 41.02, Denver County, Colorado",1003,318,745,192,258,199
1500000US080310041024,080310041024,"Block Group 4, Census Tract 41.02, Denver County, Colorado",1361,563,1230,542,131,177
1500000US080310041031,080310041031,"Block Group 1, Census Tract 41.03, Denver County, Colorado",773,270,657,213,116,122
1500000US080310041032,080310041032,"Block Group 2, Census Tract 41.03, Denver County, Colorado",908,234,908,234,0,12
1500000US080310041033,080310041033,"Block Group 3, Census Tract 41.03, Denver County, Colorado",1163,241,893,230,270,188
1500000US080310041034,080310041034,"Block Group 4, Census Tract 41.03, Denver County, Colorado",949,197,937,195,12,20
1500000US080310041035,080310041035,"Block Group 5, Census Tract 41.03, Denver County, Colorado",847,263,828,267,19,33
1500000US080310041036,080310041036,"Block Group 6, Census Tract 41.03, Denver County, Colorado",845,288,845,288,0,12
1500000US080310041041,080310041041,"Block Group 1, Census Tract 41.04, Denver County, Colorado",1124,306,795,263,329,275
1500000US080310041042,080310041042,"Block Group 2, Census Tract 41.04, Denver County, Colorado",857,173,726,180,131,100
1500000US080310041043,080310041043,"Block Group 3, Census Tract 41.04, Denver County, Colorado",914,326,805,307,109,119
1500000US080310041044,080310041044,"Block Group 4, Census Tract 41.04, Denver County, Colorado",488,211,383,117,105,190
1500000US080310041045,080310041045,"Block Group 5, Census Tract 41.04, Denver County, Colorado",800,256,750,257,50,63
1500000US080310041046,080310041046,"Block Group 6, Census Tract 41.04, Denver County, Colorado",683,236,612,228,71,70
1500000US080310041061,080310041061,"Block Group 1, Census Tract 41.06, Denver County, Colorado",12640,624,11343,521,1297,284
1500000US080310041071,080310041071,"Block Group 1, Census Tract 41.07, Denver County, Colorado",9123,417,8240,402,883,242
1500000US080310042011,080310042011,"Block Group 1, Census Tract 42.01, Denver County, Colorado",1204,261,1182,263,22,24
1500000US080310042012,080310042012,"Block Group 2, Census Tract 42.01, Denver County, Colorado",680,160,672,164,8,14
1500000US080310042013,080310042013,"Block Group 3, Census Tract 42.01, Denver County, Colorado",708,178,560,158,148,86
1500000US080310042014,080310042014,"Block Group 4, Census Tract 42.01, Denver County, Colorado",869,205,670,162,199,153
1500000US080310042015,080310042015,"Block Group 5, Census Tract 42.01, Denver County, Colorado",761,144,761,144,0,12
1500000US080310042016,080310042016,"Block Group 6, Census Tract 42.01, Denver County, Colorado",644,120,644,120,0,12
1500000US080310042021,080310042021,"Block Group 1, Census Tract 42.02, Denver County, Colorado",808,370,545,198,263,325
1500000US080310042022,080310042022,"Block Group 2, Census Tract 42.02, Denver County, Colorado",807,178,748,181,59,49
1500000US080310042023,080310042023,"Block Group 3, Census Tract 42.02, Denver County, Colorado",1775,221,1630,206,145,97
1500000US080310042024,080310042024,"Block Group 4, Census Tract 42.02, Denver County, Colorado",505,119,496,121,9,13
1500000US080310042025,080310042025,"Block Group 5, Census Tract 42.02, Denver County, Colorado",730,121,718,122,12,19
1500000US080310043011,080310043011,"Block Group 1, Census Tract 43.01, Denver County, Colorado",1399,251,1324,220,75,75
1500000US080310043012,080310043012,"Block Group 2, Census Tract 43.01, Denver County, Colorado",908,239,893,236,15,25
1500000US080310043013,080310043013,"Block Group 3, Census Tract 43.01, Denver County, Colorado",1093,240,1016,241,77,87
1500000US080310043014,080310043014,"Block Group 4, Census Tract 43.01, Denver County, Colorado",1251,262,973,247,278,174
1500000US080310043021,080310043021,"Block Group 1, Census Tract 43.02, Denver County, Colorado",728,125,660,123,68,51
1500000US080310043022,080310043022,"Block Group 2, Census Tract 43.02, Denver County, Colorado",921,163,905,167,16,19
1500000US080310043023,080310043023,"Block Group 3, Census Tract 43.02, Denver County, Colorado",760,183,650,165,110,118
1500000US080310043031,080310043031,"Block Group 1, Census Tract 43.03, Denver County, Colorado",1457,278,1353,260,104,101
1500000US080310043032,080310043032,"Block Group 2, Census Tract 43.03, Denver County, Colorado",1143,192,1113,192,30,27
1500000US080310043033,080310043033,"Block Group 3, Census Tract 43.03, Denver County, Colorado",483,117,483,117,0,12
1500000US080310043034,080310043034,"Block Group 4, Census Tract 43.03, Denver County, Colorado",937,221,937,221,0,12
1500000US080310043041,080310043041,"Block Group 1, Census Tract 43.04, Denver County, Colorado",1328,335,1087,275,241,286
1500000US080310043042,080310043042,"Block Group 2, Census Tract 43.04, Denver County, Colorado",1026,230,934,230,92,90
1500000US080310043043,080310043043,"Block Group 3, Census Tract 43.04, Denver County, Colorado",1661,325,1398,281,263,179
1500000US080310043044,080310043044,"Block Group 4, Census Tract 43.04, Denver County, Colorado",1881,394,1585,384,296,187
1500000US080310043061,080310043061,"Block Group 1, Census Tract 43.06, Denver County, Colorado",536,222,504,225,32,37
1500000US080310043062,080310043062,"Block Group 2, Census Tract 43.06, Denver County, Colorado",826,204,826,204,0,12
1500000US080310043063,080310043063,"Block Group 3, Census Tract 43.06, Denver County, Colorado",1920,479,1661,486,259,205
1500000US080310043064,080310043064,"Block Group 4, Census Tract 43.06, Denver County, Colorado",836,254,771,262,65,61
1500000US080310043065,080310043065,"Block Group 5, Census Tract 43.06, Denver County, Colorado",1372,327,1372,327,0,12
1500000US080310044031,080310044031,"Block Group 1, Census Tract 44.03, Denver County, Colorado",774,169,476,128,298,138
1500000US080310044032,080310044032,"Block Group 2, Census Tract 44.03, Denver County, Colorado",2009,343,1348,311,661,304
1500000US080310044033,080310044033,"Block Group 3, Census Tract 44.03, Denver County, Colorado",1750,277,1244,190,506,207
1500000US080310044041,080310044041,"Block Group 1, Census Tract 44.04, Denver County, Colorado",1201,460,966,348,235,238
1500000US080310044042,080310044042,"Block Group 2, Census Tract 44.04, Denver County, Colorado",2947,634,2431,622,516,306
1500000US080310044043,080310044043,"Block Group 3, Census Tract 44.04, Denver County, Colorado",2378,518,1834,359,544,344
1500000US080310044051,080310044051,"Block Group 1, Census Tract 44.05, Denver County, Colorado",1547,476,1387,436,160,210
1500000US080310044052,080310044052,"Block Group 2, Census Tract 44.05, Denver County, Colorado",1239,276,1086,256,153,123
1500000US080310044053,080310044053,"Block Group 3, Census Tract 44.05, Denver County, Colorado",1514,383,1111,272,403,315
1500000US080310044054,080310044054,"Block Group 4, Census Tract 44.05, Denver County, Colorado",4293,510,3947,502,346,240
1500000US080310045031,080310045031,"Block Group 1, Census Tract 45.03, Denver County, Colorado",1746,465,329,252,1417,439
1500000US080310045032,080310045032,"Block Group 2, Census Tract 45.03, Denver County, Colorado",1389,479,408,129,981,462
1500000US080310045033,080310045033,"Block Group 3, Census Tract 45.03, Denver County, Colorado",1097,385,46,29,1051,391
1500000US080310045041,080310045041,"Block Group 1, Census Tract 45.04, Denver County, Colorado",1568,342,420,186,1148,300
1500000US080310045042,080310045042,"Block Group 2, Census Tract 45.04, Denver County, Colorado",1979,447,388,262,1591,353
1500000US080310045043,080310045043,"Block Group 3, Census Tract 45.04, Denver County, Colorado",846,274,212,149,634,231
1500000US080310045051,080310045051,"Block Group 1, Census Tract 45.05, Denver County, Colorado",2348,425,501,296,1847,375
1500000US080310045052,080310045052,"Block Group 2, Census Tract 45.05, Denver County, Colorado",1055,409,151,128,904,406
1500000US080310045053,080310045053,"Block Group 3, Census Tract 45.05, Denver County, Colorado",1344,486,265,172,1079,416
1500000US080310045061,080310045061,"Block Group 1, Census Tract 45.06, Denver County, Colorado",921,221,291,154,630,189
1500000US080310045062,080310045062,"Block Group 2, Census Tract 45.06, Denver County, Colorado",1586,350,374,100,1212,345
1500000US080310045063,080310045063,"Block Group 3, Census Tract 45.06, Denver County, Colorado",1513,320,379,171,1134,272
1500000US080310046011,080310046011,"Block Group 1, Census Tract 46.01, Denver County, Colorado",1177,390,312,118,865,403
1500000US080310046012,080310046012,"Block Group 2, Census Tract 46.01, Denver County, Colorado",1420,366,341,131,1079,329
1500000US080310046013,080310046013,"Block Group 3, Census Tract 46.01, Denver County, Colorado",1936,435,889,275,1047,379
1500000US080310046014,080310046014,"Block Group 4, Census Tract 46.01, Denver County, Colorado",1105,416,561,198,544,385
1500000US080310046021,080310046021,"Block Group 1, Census Tract 46.02, Denver County, Colorado",1980,449,824,273,1156,406
1500000US080310046022,080310046022,"Block Group 2, Census Tract 46.02, Denver County, Colorado",2833,724,853,382,1980,768
1500000US080310046023,080310046023,"Block Group 3, Census Tract 46.02, Denver County, Colorado",1389,406,479,269,910,463
1500000US080310046024,080310046024,"Block Group 4, Census Tract 46.02, Denver County, Colorado",1278,706,104,85,1174,717
1500000US080310046031,080310046031,"Block Group 1, Census Tract 46.03, Denver County, Colorado",1130,465,470,318,660,372
1500000US080310046032,080310046032,"Block Group 2, Census Tract 46.03, Denver County, Colorado",963,282,410,179,553,274
1500000US080310046033,080310046033,"Block Group 3, Census Tract 46.03, Denver County, Colorado",1193,305,595,139,598,303
1500000US080310046034,080310046034,"Block Group 4, Census Tract 46.03, Denver County, Colorado",1406,358,781,229,625,290
1500000US080310046035,080310046035,"Block Group 5, Census Tract 46.03, Denver County, Colorado",1244,336,498,133,746,350
1500000US080310047001,080310047001,"Block Group 1, Census Tract 47, Denver County, Colorado",328,183,255,157,73,119
1500000US080310047002,080310047002,"Block Group 2, Census Tract 47, Denver County, Colorado",514,267,388,185,126,194
1500000US080310047003,080310047003,"Block Group 3, Census Tract 47, Denver County, Colorado",1113,611,371,179,742,621
1500000US080310047004,080310047004,"Block Group 4, Census Tract 47, Denver County, Colorado",441,217,143,70,298,213
1500000US080310047005,080310047005,"Block Group 5, Census Tract 47, Denver County, Colorado",1611,605,774,236,837,534
1500000US080310047006,080310047006,"Block Group 6, Census Tract 47, Denver County, Colorado",3230,759,567,217,2663,763
1500000US080310048011,080310048011,"Block Group 1, Census Tract 48.01, Denver County, Colorado",1114,359,604,154,510,351
1500000US080310048012,080310048012,"Block Group 2, Census Tract 48.01, Denver County, Colorado",1933,414,1160,276,773,371
1500000US080310048013,080310048013,"Block Group 3, Census Tract 48.01, Denver County, Colorado",630,225,300,165,330,175
1500000US080310050011,080310050011,"Block Group 1, Census Tract 50.01, Denver County, Colorado",1714,211,1548,205,166,130
1500000US080310050012,080310050012,"Block Group 2, Census Tract 50.01, Denver County, Colorado",990,215,853,193,137,113
1500000US080310050021,080310050021,"Block Group 1, Census Tract 50.02, Denver County, Colorado",848,282,848,282,0,12
1500000US080310050022,080310050022,"Block Group 2, Census Tract 50.02, Denver County, Colorado",963,206,901,193,62,60
1500000US080310050023,080310050023,"Block Group 3, Census Tract 50.02, Denver County, Colorado",1977,474,1601,467,376,284
1500000US080310050024,080310050024,"Block Group 4, Census Tract 50.02, Denver County, Colorado",2697,571,2073,473,624,426
1500000US080310050025,080310050025,"Block Group 5, Census Tract 50.02, Denver County, Colorado",923,221,644,168,279,188
1500000US080310051021,080310051021,"Block Group 1, Census Tract 51.02, Denver County, Colorado",520,180,411,100,109,124
1500000US080310051022,080310051022,"Block Group 2, Census Tract 51.02, Denver County, Colorado",646,170,612,167,34,43
1500000US080310051023,080310051023,"Block Group 3, Census Tract 51.02, Denver County, Colorado",1630,269,1550,258,80,55
1500000US080310051024,080310051024,"Block Group 4, Census Tract 51.02, Denver County, Colorado",1223,536,638,160,585,547
1500000US080310051041,080310051041,"Block Group 1, Census Tract 51.04, Denver County, Colorado",2050,381,1658,337,392,196
1500000US080310051042,080310051042,"Block Group 2, Census Tract 51.04, Denver County, Colorado",1681,324,1457,311,224,122
1500000US080310052001,080310052001,"Block Group 1, Census Tract 52, Denver County, Colorado",526,132,418,120,108,78
1500000US080310052002,080310052002,"Block Group 2, Census Tract 52, Denver County, Colorado",664,173,605,162,59,64
1500000US080310052003,080310052003,"Block Group 3, Census Tract 52, Denver County, Colorado",1315,238,1278,235,37,34
1500000US080310052004,080310052004,"Block Group 4, Census Tract 52, Denver County, Colorado",953,299,904,304,49,64
1500000US080310053001,080310053001,"Block Group 1, Census Tract 53, Denver County, Colorado",1371,102,1322,104,49,37
1500000US080310055021,080310055021,"Block Group 1, Census Tract 55.02, Denver County, Colorado",2111,203,1441,226,670,150
1500000US080310055031,080310055031,"Block Group 1, Census Tract 55.03, Denver County, Colorado",756,166,642,125,114,145
1500000US080310055032,080310055032,"Block Group 2, Census Tract 55.03, Denver County, Colorado",2240,450,1696,395,544,211
1500000US080310055033,080310055033,"Block Group 3, Census Tract 55.03, Denver County, Colorado",1028,180,632,140,396,189
1500000US080310055034,080310055034,"Block Group 4, Census Tract 55.03, Denver County, Colorado",802,195,518,158,284,171
1500000US080310067011,080310067011,"Block Group 1, Census Tract 67.01, Denver County, Colorado",3384,205,3280,206,104,54
1500000US080310068041,080310068041,"Block Group 1, Census Tract 68.04, Denver County, Colorado",1178,223,1108,212,70,47
1500000US080310068042,080310068042,"Block Group 2, Census Tract 68.04, Denver County, Colorado",1598,208,1459,230,139,91
1500000US080310068091,080310068091,"Block Group 1, Census Tract 68.09, Denver County, Colorado",1043,364,853,193,190,269
1500000US080310068092,080310068092,"Block Group 2, Census Tract 68.09, Denver County, Colorado",2265,522,2055,445,210,149
1500000US080310068093,080310068093,"Block Group 3, Census Tract 68.09, Denver County, Colorado",1116,373,954,256,162,264
1500000US080310068094,080310068094,"Block Group 4, Census Tract 68.09, Denver County, Colorado",1005,237,955,249,50,56
1500000US080310068095,080310068095,"Block Group 5, Census Tract 68.09, Denver County, Colorado",1032,256,972,244,60,98
1500000US080310068096,080310068096,"Block Group 6, Census Tract 68.09, Denver County, Colorado",881,296,754,279,127,127
1500000US080310068101,080310068101,"Block Group 1, Census Tract 68.10, Denver County, Colorado",1041,276,905,251,136,102
1500000US080310068102,080310068102,"Block Group 2, Census Tract 68.10, Denver County, Colorado",1954,404,1683,385,271,187
1500000US080310068103,080310068103,"Block Group 3, Census Tract 68.10, Denver County, Colorado",688,324,589,179,99,193
1500000US080310068104,080310068104,"Block Group 4, Census Tract 68.10, Denver County, Colorado",1802,356,1630,363,172,128
1500000US080310068111,080310068111,"Block Group 1, Census Tract 68.11, Denver County, Colorado",2335,361,1952,366,383,213
1500000US080310068112,080310068112,"Block Group 2, Census Tract 68.11, Denver County, Colorado",452,200,411,200,41,65
1500000US080310068113,080310068113,"Block Group 3, Census Tract 68.11, Denver County, Colorado",1922,350,1698,366,224,198
1500000US080310068114,080310068114,"Block Group 4, Census Tract 68.11, Denver County, Colorado",1636,403,1330,306,306,252
1500000US080310068121,080310068121,"Block Group 1, Census Tract 68.12, Denver County, Colorado",1714,292,1478,215,236,182
1500000US080310068122,080310068122,"Block Group 2, Census Tract 68.12, Denver County, Colorado",1195,185,1146,185,49,36
1500000US080310068123,080310068123,"Block Group 3, Census Tract 68.12, Denver County, Colorado",924,192,830,185,94,71
1500000US080310068131,080310068131,"Block Group 1, Census Tract 68.13, Denver County, Colorado",896,278,863,275,33,38
1500000US080310068132,080310068132,"Block Group 2, Census Tract 68.13, Denver County, Colorado",2061,406,1899,358,162,110
1500000US080310068133,080310068133,"Block Group 3, Census Tract 68.13, Denver County, Colorado",1310,320,1196,266,114,139
1500000US080310068141,080310068141,"Block Group 1, Census Tract 68.14, Denver County, Colorado",625,238,599,243,26,32
1500000US080310068142,080310068142,"Block Group 2, Census Tract 68.14, Denver County, Colorado",1349,347,871,258,478,380
1500000US080310068143,080310068143,"Block Group 3, Census Tract 68.14, Denver County, Colorado",2273,576,1647,509,626,354
1500000US080310068144,080310068144,"Block Group 4, Census Tract 68.14, Denver County, Colorado",708,206,657,171,51,98
1500000US080310069011,080310069011,"Block Group 1, Census Tract 69.01, Denver County, Colorado",2278,505,1710,418,568,356
1500000US080310069012,080310069012,"Block Group 2, Census Tract 69.01, Denver County, Colorado",1544,361,1251,298,293,199
1500000US080310069013,080310069013,"Block Group 3, Census Tract 69.01, Denver County, Colorado",832,289,714,289,118,100
1500000US080310069014,080310069014,"Block Group 4, Census Tract 69.01, Denver County, Colorado",710,312,620,311,90,101
1500000US080310069015,080310069015,"Block Group 5, Census Tract 69.01, Denver County, Colorado",455,259,328,141,127,220
1500000US080310070061,080310070061,"Block Group 1, Census Tract 70.06, Denver County, Colorado",2291,473,1682,368,609,351
1500000US080310070062,080310070062,"Block Group 2, Census Tract 70.06, Denver County, Colorado",2545,583,1511,453,1034,581
1500000US080310070131,080310070131,"Block Group 1, Census Tract 70.13, Denver County, Colorado",2508,358,2136,302,372,205
1500000US080310070132,080310070132,"Block Group 2, Census Tract 70.13, Denver County, Colorado",1291,239,1034,190,257,171
1500000US080310070371,080310070371,"Block Group 1, Census Tract 70.37, Denver County, Colorado",2566,477,1194,341,1372,439
1500000US080310070372,080310070372,"Block Group 2, Census Tract 70.37, Denver County, Colorado",1314,350,1005,281,309,207
1500000US080310070373,080310070373,"Block Group 3, Census Tract 70.37, Denver County, Colorado",623,180,420,148,203,116
1500000US080310070881,080310070881,"Block Group 1, Census Tract 70.88, Denver County, Colorado",1336,404,1179,367,157,142
1500000US080310070882,080310070882,"Block Group 2, Census Tract 70.88, Denver County, Colorado",987,401,524,228,463,392
1500000US080310070883,080310070883,"Block Group 3, Census Tract 70.88, Denver County, Colorado",1373,301,1234,260,139,169
1500000US080310070884,080310070884,"Block Group 4, Census Tract 70.88, Denver County, Colorado",1208,258,1036,202,172,182
1500000US080310070891,080310070891,"Block Group 1, Census Tract 70.89, Denver County, Colorado",444,116,431,119,13,20
1500000US080310070892,080310070892,"Block Group 2, Census Tract 70.89, Denver County, Colorado",1219,191,1175,195,44,54
1500000US080310070893,080310070893,"Block Group 3, Census Tract 70.89, Denver County, Colorado",1757,210,1695,209,62,52
1500000US080310070894,080310070894,"Block Group 4, Census Tract 70.89, Denver County, Colorado",1682,387,1297,281,385,251
1500000US080310083041,080310083041,"Block Group 1, Census Tract 83.04, Denver County, Colorado",2158,333,922,233,1236,302
1500000US080310083042,080310083042,"Block Group 2, Census Tract 83.04, Denver County, Colorado",854,306,407,155,447,244
1500000US080310083043,080310083043,"Block Group 3, Census Tract 83.04, Denver County, Colorado",838,211,263,85,575,208
1500000US080310083051,080310083051,"Block Group 1, Census Tract 83.05, Denver County, Colorado",1186,319,247,126,939,329
1500000US080310083052,080310083052,"Block Group 2, Census Tract 83.05, Denver County, Colorado",1546,335,575,224,971,341
1500000US080310083053,080310083053,"Block Group 3, Census Tract 83.05, Denver County, Colorado",1920,453,805,292,1115,396
1500000US080310083061,080310083061,"Block Group 1, Census Tract 83.06, Denver County, Colorado",810,401,553,392,257,190
1500000US080310083062,080310083062,"Block Group 2, Census Tract 83.06, Denver County, Colorado",1702,421,893,366,809,302
1500000US080310083063,080310083063,"Block Group 3, Census Tract 83.06, Denver County, Colorado",1067,315,685,234,382,271
1500000US080310083064,080310083064,"Block Group 4, Census Tract 83.06, Denver County, Colorado",3251,659,844,354,2407,582
1500000US080310083121,080310083121,"Block Group 1, Census Tract 83.12, Denver County, Colorado",3390,649,1274,381,2116,540
1500000US080310083122,080310083122,"Block Group 2, Census Tract 83.12, Denver County, Colorado",2697,581,1312,389,1385,481
1500000US080310083123,080310083123,"Block Group 3, Census Tract 83.12, Denver County, Colorado",2052,584,646,228,1406,563
1500000US080310083861,080310083861,"Block Group 1, Census Tract 83.86, Denver County, Colorado",2343,457,832,320,1511,438
1500000US080310083862,080310083862,"Block Group 2, Census Tract 83.86, Denver County, Colorado",2916,550,808,267,2108,543
1500000US080310083871,080310083871,"Block Group 1, Census Tract 83.87, Denver County, Colorado",3569,655,1361,348,2208,655
1500000US080310083872,080310083872,"Block Group 2, Census Tract 83.87, Denver County, Colorado",3877,710,1497,392,2380,659
1500000US080310083881,080310083881,"Block Group 1, Census Tract 83.88, Denver County, Colorado",7333,1043,3272,845,4061,1059
1500000US080310083882,080310083882,"Block Group 2, Census Tract 83.88, Denver County, Colorado",2250,680,1622,631,628,370
1500000US080310083891,080310083891,"Block Group 1, Census Tract 83.89, Denver County, Colorado",1504,601,1241,539,263,245
1500000US080310083892,080310083892,"Block Group 2, Census Tract 83.89, Denver County, Colorado",2688,620,2152,554,536,269
1500000US080310083893,080310083893,"Block Group 3, Census Tract 83.89, Denver County, Colorado",6397,754,3799,681,2598,549
1500000US080310083901,080310083901,"Block Group 1, Census Tract 83.90, Denver County, Colorado",3538,733,1552,503,1986,658
1500000US080310083902,080310083902,"Block Group 2, Census Tract 83.90, Denver County, Colorado",2956,515,1788,457,1168,402
1500000US080310083903,080310083903,"Block Group 3, Census Tract 83.90, Denver County, Colorado",2991,652,1930,399,1061,574
1500000US080310083911,080310083911,"Block Group 1, Census Tract 83.91, Denver County, Colorado",3815,677,2629,521,1186,501
1500000US080310083912,080310083912,"Block Group 2, Census Tract 83.91, Denver County, Colorado",3083,643,1677,552,1406,457
1500000US080310119021,080310119021,"Block Group 1, Census Tract 119.02, Denver County, Colorado",2015,528,967,283,1048,443
1500000US080310119022,080310119022,"Block Group 2, Census Tract 119.02, Denver County, Colorado",1324,475,974,449,350,261
1500000US080310119023,080310119023,"Block Group 3, Census Tract 119.02, Denver County, Colorado",1195,307,792,266,403,233
1500000US080310119024,080310119024,"Block Group 4, Census Tract 119.02, Denver County, Colorado",1881,640,1457,554,424,433
1500000US080310119031,080310119031,"Block Group 1, Census Tract 119.03, Denver County, Colorado",1644,159,1271,206,373,168
1500000US080310119032,080310119032,"Block Group 2, Census Tract 119.03, Denver County, Colorado",816,138,684,137,132,68
1500000US080310120011,080310120011,"Block Group 1, Census Tract 120.01, Denver County, Colorado",1514,181,994,143,520,149
1500000US080310120012,080310120012,"Block Group 2, Census Tract 120.01, Denver County, Colorado",600,89,575,86,25,29
1500000US080310120101,080310120101,"Block Group 1, Census Tract 120.10, Denver County, Colorado",2082,291,1800,313,282,164
1500000US080310120102,080310120102,"Block Group 2, Census Tract 120.10, Denver County, Colorado",1143,192,859,179,284,173
1500000US080310120103,080310120103,"Block Group 3, Census Tract 120.10, Denver County, Colorado",2020,311,1741,258,279,234
1500000US080310120141,080310120141,"Block Group 1, Census Tract 120.14, Denver County, Colorado",1234,255,1073,235,161,145
1500000US080310120142,080310120142,"Block Group 2, Census Tract 120.14, Denver County, Colorado",2703,483,2351,458,352,168
1500000US080310120143,080310120143,"Block Group 3, Census Tract 120.14, Denver County, Colorado",895,293,648,238,247,149
1500000US080310120144,080310120144,"Block Group 4, Census Tract 120.14, Denver County, Colorado",1582,299,1283,275,299,224
1500000US080310153001,080310153001,"Block Group 1, Census Tract 153, Denver County, Colorado",1453,322,1187,276,266,214
1500000US080310153002,080310153002,"Block Group 2, Census Tract 153, Denver County, Colorado",1665,314,1377,255,288,206
1500000US080310153003,080310153003,"Block Group 3, Census Tract 153, Denver County, Colorado",652,248,598,234,54,67
1500000US080310154001,080310154001,"Block Group 1, Census Tract 154, Denver County, Colorado",1282,398,706,199,576,408
1500000US080310154002,080310154002,"Block Group 2, Census Tract 154, Denver County, Colorado",1180,199,799,158,381,169
1500000US080310154003,080310154003,"Block Group 3, Census Tract 154, Denver County, Colorado",740,154,675,138,65,69
1500000US080310154004,080310154004,"Block Group 4, Census Tract 154, Denver County, Colorado",1403,272,1132,220,271,139
1500000US080310155001,080310155001,"Block Group 1, Census Tract 155, Denver County, Colorado",1310,272,700,233,610,206
1500000US080310155002,080310155002,"Block Group 2, Census Tract 155, Denver County, Colorado",1577,243,1278,203,299,165
1500000US080310155003,080310155003,"Block Group 3, Census Tract 155, Denver County, Colorado",907,252,667,163,240,201
1500000US080310156001,080310156001,"Block Group 1, Census Tract 156, Denver County, Colorado",3116,722,737,286,2379,707
1500000US080310156002,080310156002,"Block Group 2, Census Tract 156, Denver County, Colorado",2323,527,635,311,1688,553
1500000US080310156003,080310156003,"Block Group 3, Census Tract 156, Denver County, Colorado",1431,662,472,306,959,635
1500000US080310156004,080310156004,"Block Group 4, Census Tract 156, Denver County, Colorado",1666,644,438,395,1228,593
1500000US080310157001,080310157001,"Block Group 1, Census Tract 157, Denver County, Colorado",1845,511,657,226,1188,502
1500000US080310157002,080310157002,"Block Group 2, Census Tract 157, Denver County, Colorado",1374,575,478,150,896,603
1500000US080310157003,080310157003,"Block Group 3, Census Tract 157, Denver County, Colorado",1099,300,909,298,190,206
1500000US080310157004,080310157004,"Block Group 4, Census Tract 157, Denver County, Colorado",1583,547,673,267,910,484
1500000US080319800001,080319800001,"Block Group 1, Census Tract 9800, Denver County, Colorado",1428,166,1051,169,377,138
1500000US080319801001,080319801001,"Block Group 1, Census Tract 9801, Denver County, Colorado",0,12,0,12,0,12
